{"cameraMode":{"drawMode":0,"name":"Shaded","section":"Shading Mode"},"sceneLighting":true,"audioPlay":false,"sceneViewState":{"showFog":true,"showMaterialUpdate":false,"showSkybox":true,"showFlares":true,"showImageEffects":true,"showParticleSystems":true},"in2DMode":false,"pivot":{"x":945.5492553710938,"y":312.65496826171877,"z":-133.06198120117188},"rotation":{"x":-0.2625676989555359,"y":-0.029812708497047426,"z":0.008117042481899262,"w":-0.9644278287887573},"size":106.0660171508789,"orthographic":false}