{"cameraMode":{"drawMode":0,"name":"Shaded","section":"Shading Mode"},"sceneLighting":true,"audioPlay":false,"sceneViewState":{"showFog":true,"showMaterialUpdate":false,"showSkybox":true,"showFlares":true,"showImageEffects":true,"showParticleSystems":true},"in2DMode":false,"pivot":{"x":877.7435302734375,"y":192.0375518798828,"z":-43.3154296875},"rotation":{"x":-0.2625676989555359,"y":-0.029812708497047426,"z":0.008117042481899262,"w":-0.9644278287887573},"size":385.5920715332031,"orthographic":false}